﻿<?xml version="1.0" encoding="utf-8" standalone="yes"?>
<ns3:ProductModelRegistrationRequest REQUEST_ID="Request" xmlns:ns3="http://eprel.ener.ec.europa.eu/services/productModelService/modelRegistrationService/v2" xmlns:ns2="http://eprel.ener.ec.europa.eu/productModel/productCore/v2">
  <productOperation OPERATION_TYPE="UPDATE_PRODUCT_MODEL" OPERATION_ID="0" REASON_FOR_CHANGE="CORRECT_TYPO">
    <MODEL_VERSION>
      <EPREL_MODEL_REGISTRATION_NUMBER>111930</EPREL_MODEL_REGISTRATION_NUMBER>
      <MODEL_IDENTIFIER>560-805</MODEL_IDENTIFIER>
      <SUPPLIER_NAME_OR_TRADEMARK>REF001</SUPPLIER_NAME_OR_TRADEMARK>
      <DELEGATED_ACT>EU_2019_2015</DELEGATED_ACT>
      <PRODUCT_GROUP>LAMP</PRODUCT_GROUP>
      <ENERGY_LABEL xmlns:xsi="http://www.w3.org/2001/XMLSchema-instance" xsi:type="ns5:GeneratedEnergyLabel" xmlns:ns5="http://eprel.ener.ec.europa.eu/commonTypes/EnergyLabelTypes/v2">
        <CONSIDER_GENERATED_LABEL_AS_PROVIDED>true</CONSIDER_GENERATED_LABEL_AS_PROVIDED>
      </ENERGY_LABEL>
      <ON_MARKET_START_DATE>2021-01-01+01:00</ON_MARKET_START_DATE>
      <TECHNICAL_DOCUMENTATION xmlns:xsi="http://www.w3.org/2001/XMLSchema-instance" xsi:type="ns2:TechnicalDocumentationDetail">
        <DOCUMENT>
          <ns2:DESCRIPTION xmlns:ns2="http://eprel.ener.ec.europa.eu/productModel/productCore/v2">Test1</ns2:DESCRIPTION>
          <LANGUAGE>EN</LANGUAGE>
          <TECHNICAL_PART>ADDITIONAL_PART</TECHNICAL_PART>
          <TECHNICAL_PART>CALCULATIONS</TECHNICAL_PART>
          <TECHNICAL_PART>GENERAL_DESCRIPTION</TECHNICAL_PART>
          <TECHNICAL_PART>MESURED_TECHNICAL_PARAMETERS</TECHNICAL_PART>
          <TECHNICAL_PART>REFERENCES_TO_HARMONISED_STANDARDS</TECHNICAL_PART>
          <TECHNICAL_PART>SPECIFIC_PRECAUTIONS</TECHNICAL_PART>
          <FILE_PATH>/attachments/Test1.pdf</FILE_PATH>
        </DOCUMENT>
      </TECHNICAL_DOCUMENTATION>
      <CONTACT_DETAILS xmlns:xsi="http://www.w3.org/2001/XMLSchema-instance" xsi:type="ns2:ContactByReference">
        <CONTACT_REFERENCE>REF001</CONTACT_REFERENCE>
      </CONTACT_DETAILS>
      <PRODUCT_GROUP_DETAIL xmlns:xsi="http://www.w3.org/2001/XMLSchema-instance" xmlns:ns5="http://eprel.ener.ec.europa.eu/productModel/productGroups/lightsource/v1" xsi:type="ns5:LightSource">
        <LIGHTING_TECHNOLOGY>LED</LIGHTING_TECHNOLOGY>
        <CAP_TYPE>my</CAP_TYPE>
        <DIRECTIONAL>DLS</DIRECTIONAL>
        <MAINS>NMLS</MAINS>
        <CONNECTED_LIGHT_SOURCE>false</CONNECTED_LIGHT_SOURCE>
        <COLOUR_TUNEABLE_LIGHT_SOURCE>true</COLOUR_TUNEABLE_LIGHT_SOURCE>
        <HIGH_LUMINANCE_LIGHT_SOURCE>true</HIGH_LUMINANCE_LIGHT_SOURCE>
        <ANTI_GLARE_SHIELD>true</ANTI_GLARE_SHIELD>
        <DIMMABLE>NO</DIMMABLE>
        <ENERGY_CONS_ON_MODE>1</ENERGY_CONS_ON_MODE>
        <ENERGY_CLASS>D</ENERGY_CLASS>
        <LUMINOUS_FLUX>130</LUMINOUS_FLUX>
        <BEAM_ANGLE_CORRESPONDENCE>WIDE_CONE_120</BEAM_ANGLE_CORRESPONDENCE>
        <CORRELATED_COLOUR_TEMP_TYPE>SINGLE_VALUE</CORRELATED_COLOUR_TEMP_TYPE>
        <CORRELATED_COLOUR_TEMP>3000</CORRELATED_COLOUR_TEMP>
        <POWER_ON_MODE>1.0</POWER_ON_MODE>
        <POWER_STANDBY>0.00</POWER_STANDBY>
        <COLOUR_RENDERING_INDEX>90</COLOUR_RENDERING_INDEX>
        <DIMENSION_HEIGHT>8</DIMENSION_HEIGHT>
        <DIMENSION_WIDTH>120</DIMENSION_WIDTH>
        <DIMENSION_DEPTH>120</DIMENSION_DEPTH>
        <SPECTRAL_POWER_DISTRIBUTION_IMAGE>/attachments/testImage.png</SPECTRAL_POWER_DISTRIBUTION_IMAGE>
        <CLAIM_EQUIVALENT_POWER>false</CLAIM_EQUIVALENT_POWER>
        <CHROMATICITY_COORD_X>0.333</CHROMATICITY_COORD_X>
        <CHROMATICITY_COORD_Y>0.333</CHROMATICITY_COORD_Y>
        <R9_COLOUR_RENDERING_INDEX>50</R9_COLOUR_RENDERING_INDEX>
        <SURVIVAL_FACTOR>0.90</SURVIVAL_FACTOR>
        <LUMEN_MAINTENANCE_FACTOR>0.90</LUMEN_MAINTENANCE_FACTOR>
      </PRODUCT_GROUP_DETAIL>
    </MODEL_VERSION>
  </productOperation>
</ns3:ProductModelRegistrationRequest>