﻿<?xml version="1.0" encoding="utf-8" standalone="yes"?>
<ns3:ProductModelRegistrationRequest REQUEST_ID="Request" xmlns:ns3="http://eprel.ener.ec.europa.eu/services/productModelService/modelRegistrationService/v2" xmlns:ns2="http://eprel.ener.ec.europa.eu/productModel/productCore/v2">
  <productOperation OPERATION_TYPE="REGISTER_PRODUCT_MODEL" OPERATION_ID="0">
    <MODEL_VERSION>
      <MODEL_IDENTIFIER>12345</MODEL_IDENTIFIER>
      <TRADEMARK_REFERENCE>REF001</TRADEMARK_REFERENCE>
      <DELEGATED_ACT>EU_2019_2015</DELEGATED_ACT>
      <PRODUCT_GROUP>LAMP</PRODUCT_GROUP>
      <ENERGY_LABEL xmlns:xsi="http://www.w3.org/2001/XMLSchema-instance" xsi:type="ns5:GeneratedEnergyLabel" xmlns:ns5="http://eprel.ener.ec.europa.eu/commonTypes/EnergyLabelTypes/v2">
        <CONSIDER_GENERATED_LABEL_AS_PROVIDED>true</CONSIDER_GENERATED_LABEL_AS_PROVIDED>
      </ENERGY_LABEL>
      <ON_MARKET_START_DATE>2020-01-01+01:00</ON_MARKET_START_DATE>
      <REGISTRANT_NATURE>AUTHORISED_REPRESENTATIVE</REGISTRANT_NATURE>
      <VISIBLE_TO_UK_MSA>true</VISIBLE_TO_UK_MSA>
      <CONTACT_DETAILS xmlns:xsi="http://www.w3.org/2001/XMLSchema-instance" xsi:type="ns2:ContactByReference">
        <CONTACT_REFERENCE>REF001</CONTACT_REFERENCE>
      </CONTACT_DETAILS>
      <PRODUCT_GROUP_DETAIL xmlns:xsi="http://www.w3.org/2001/XMLSchema-instance" xmlns:ns5="http://eprel.ener.ec.europa.eu/productModel/productGroups/lightsource/v1" xsi:type="ns5:LightSource">
        <LIGHTING_TECHNOLOGY>LED</LIGHTING_TECHNOLOGY>
        <CAP_TYPE>n/a</CAP_TYPE>
        <DIRECTIONAL>NDLS</DIRECTIONAL>
        <MAINS>NMLS</MAINS>
        <CONNECTED_LIGHT_SOURCE>false</CONNECTED_LIGHT_SOURCE>
        <COLOUR_TUNEABLE_LIGHT_SOURCE>false</COLOUR_TUNEABLE_LIGHT_SOURCE>
        <HIGH_LUMINANCE_LIGHT_SOURCE>false</HIGH_LUMINANCE_LIGHT_SOURCE>
        <ANTI_GLARE_SHIELD>false</ANTI_GLARE_SHIELD>
        <DIMMABLE>NO</DIMMABLE>
        <ENERGY_CONS_ON_MODE>0</ENERGY_CONS_ON_MODE>
        <ENERGY_CLASS>B</ENERGY_CLASS>
        <LUMINOUS_FLUX>100</LUMINOUS_FLUX>
        <BEAM_ANGLE_CORRESPONDENCE>SPHERE_360</BEAM_ANGLE_CORRESPONDENCE>
        <CORRELATED_COLOUR_TEMP_TYPE>RANGE</CORRELATED_COLOUR_TEMP_TYPE>
        <CORRELATED_COLOUR_TEMP>2000</CORRELATED_COLOUR_TEMP>
        <CORRELATED_COLOUR_TEMP>4000</CORRELATED_COLOUR_TEMP>
        <POWER_ON_MODE>0.5</POWER_ON_MODE>
        <POWER_STANDBY>0.00</POWER_STANDBY>
        <COLOUR_RENDERING_INDEX>90</COLOUR_RENDERING_INDEX>
        <DIMENSION_HEIGHT>3</DIMENSION_HEIGHT>
        <DIMENSION_WIDTH>10</DIMENSION_WIDTH>
        <DIMENSION_DEPTH>10</DIMENSION_DEPTH>
        <SPECTRAL_POWER_DISTRIBUTION_IMAGE>/attachments/image.png</SPECTRAL_POWER_DISTRIBUTION_IMAGE>
        <CLAIM_EQUIVALENT_POWER>false</CLAIM_EQUIVALENT_POWER>
        <CHROMATICITY_COORD_X>0.333</CHROMATICITY_COORD_X>
        <CHROMATICITY_COORD_Y>0.333</CHROMATICITY_COORD_Y>
        <R9_COLOUR_RENDERING_INDEX>1</R9_COLOUR_RENDERING_INDEX>
        <SURVIVAL_FACTOR>1.00</SURVIVAL_FACTOR>
        <LUMEN_MAINTENANCE_FACTOR>0.96</LUMEN_MAINTENANCE_FACTOR>
      </PRODUCT_GROUP_DETAIL>
    </MODEL_VERSION>
  </productOperation>
</ns3:ProductModelRegistrationRequest>