﻿<?xml version="1.0" encoding="utf-8" standalone="yes"?>
<ns3:ProductModelRegistrationRequest REQUEST_ID="Request" xmlns:ns3="http://eprel.ener.ec.europa.eu/services/productModelService/modelRegistrationService/v2" xmlns:ns2="http://eprel.ener.ec.europa.eu/productModel/productCore/v2">
  <productOperation OPERATION_TYPE="REGISTER_PRODUCT_MODEL" OPERATION_ID="0">
    <MODEL_VERSION>
      <MODEL_IDENTIFIER>1213456</MODEL_IDENTIFIER>
      <SUPPLIER_NAME_OR_TRADEMARK>REF001</SUPPLIER_NAME_OR_TRADEMARK>
      <DELEGATED_ACT>EU_2019_2015</DELEGATED_ACT>
      <PRODUCT_GROUP>LAMP</PRODUCT_GROUP>
      <ENERGY_LABEL xmlns:xsi="http://www.w3.org/2001/XMLSchema-instance" xsi:type="ns5:GeneratedEnergyLabel" xmlns:ns5="http://eprel.ener.ec.europa.eu/commonTypes/EnergyLabelTypes/v2">
        <CONSIDER_GENERATED_LABEL_AS_PROVIDED>true</CONSIDER_GENERATED_LABEL_AS_PROVIDED>
      </ENERGY_LABEL>
      <ON_MARKET_START_DATE>2022-01-01+01:00</ON_MARKET_START_DATE>
      <CONTACT_DETAILS xmlns:xsi="http://www.w3.org/2001/XMLSchema-instance" xsi:type="ns2:ContactByReference">
        <CONTACT_REFERENCE>Ä</CONTACT_REFERENCE>
      </CONTACT_DETAILS>
      <PRODUCT_GROUP_DETAIL xmlns:xsi="http://www.w3.org/2001/XMLSchema-instance" xmlns:ns5="http://eprel.ener.ec.europa.eu/productModel/productGroups/lightsource/v1" xsi:type="ns5:LightSource">
        <LIGHTING_TECHNOLOGY>LED</LIGHTING_TECHNOLOGY>
        <CAP_TYPE>my</CAP_TYPE>
        <DIRECTIONAL>DLS</DIRECTIONAL>
        <MAINS>NMLS</MAINS>
        <CONNECTED_LIGHT_SOURCE>true</CONNECTED_LIGHT_SOURCE>
        <COLOUR_TUNEABLE_LIGHT_SOURCE>true</COLOUR_TUNEABLE_LIGHT_SOURCE>
        <HIGH_LUMINANCE_LIGHT_SOURCE>false</HIGH_LUMINANCE_LIGHT_SOURCE>
        <ANTI_GLARE_SHIELD>false</ANTI_GLARE_SHIELD>
        <DIMMABLE>NO</DIMMABLE>
        <ENERGY_CONS_ON_MODE>10</ENERGY_CONS_ON_MODE>
        <ENERGY_CLASS>G</ENERGY_CLASS>
        <LUMINOUS_FLUX>100</LUMINOUS_FLUX>
        <BEAM_ANGLE_CORRESPONDENCE>WIDE_CONE_120</BEAM_ANGLE_CORRESPONDENCE>
        <CORRELATED_COLOUR_TEMP_TYPE>SINGLE_VALUE</CORRELATED_COLOUR_TEMP_TYPE>
        <CORRELATED_COLOUR_TEMP>1300</CORRELATED_COLOUR_TEMP>
        <POWER_ON_MODE>10.0</POWER_ON_MODE>
        <POWER_STANDBY>0.20</POWER_STANDBY>
        <POWER_STANDBY_NETWORKED>0.23</POWER_STANDBY_NETWORKED>
        <COLOUR_RENDERING_INDEX>95</COLOUR_RENDERING_INDEX>
        <MIN_COLOUR_RENDERING_INDEX>1</MIN_COLOUR_RENDERING_INDEX>
        <MAX_COLOUR_RENDERING_INDEX>100</MAX_COLOUR_RENDERING_INDEX>
        <DIMENSION_HEIGHT>23</DIMENSION_HEIGHT>
        <DIMENSION_WIDTH>24</DIMENSION_WIDTH>
        <DIMENSION_DEPTH>456</DIMENSION_DEPTH>
        <SPECTRAL_POWER_DISTRIBUTION_IMAGE>/attachments/testImage.png</SPECTRAL_POWER_DISTRIBUTION_IMAGE>
        <CLAIM_EQUIVALENT_POWER>false</CLAIM_EQUIVALENT_POWER>
        <CHROMATICITY_COORD_X>0.225</CHROMATICITY_COORD_X>
        <CHROMATICITY_COORD_Y>0.465</CHROMATICITY_COORD_Y>
        <R9_COLOUR_RENDERING_INDEX>45</R9_COLOUR_RENDERING_INDEX>
        <SURVIVAL_FACTOR>0.26</SURVIVAL_FACTOR>
        <LUMEN_MAINTENANCE_FACTOR>0.40</LUMEN_MAINTENANCE_FACTOR>
      </PRODUCT_GROUP_DETAIL>
    </MODEL_VERSION>
  </productOperation>
  <productOperation OPERATION_TYPE="REGISTER_PRODUCT_MODEL" OPERATION_ID="1">
    <MODEL_VERSION>
      <MODEL_IDENTIFIER>654612</MODEL_IDENTIFIER>
      <SUPPLIER_NAME_OR_TRADEMARK>REF001</SUPPLIER_NAME_OR_TRADEMARK>
      <DELEGATED_ACT>EU_2019_2015</DELEGATED_ACT>
      <PRODUCT_GROUP>LAMP</PRODUCT_GROUP>
      <ENERGY_LABEL xmlns:xsi="http://www.w3.org/2001/XMLSchema-instance" xsi:type="ns5:GeneratedEnergyLabel" xmlns:ns5="http://eprel.ener.ec.europa.eu/commonTypes/EnergyLabelTypes/v2">
        <CONSIDER_GENERATED_LABEL_AS_PROVIDED>true</CONSIDER_GENERATED_LABEL_AS_PROVIDED>
      </ENERGY_LABEL>
      <ON_MARKET_START_DATE>2022-01-01+01:00</ON_MARKET_START_DATE>
      <CONTACT_DETAILS xmlns:xsi="http://www.w3.org/2001/XMLSchema-instance" xsi:type="ns2:ContactByReference">
        <CONTACT_REFERENCE>Ä</CONTACT_REFERENCE>
      </CONTACT_DETAILS>
      <PRODUCT_GROUP_DETAIL xmlns:xsi="http://www.w3.org/2001/XMLSchema-instance" xmlns:ns5="http://eprel.ener.ec.europa.eu/productModel/productGroups/lightsource/v1" xsi:type="ns5:LightSource">
        <LIGHTING_TECHNOLOGY>LED</LIGHTING_TECHNOLOGY>
        <CAP_TYPE>my</CAP_TYPE>
        <DIRECTIONAL>DLS</DIRECTIONAL>
        <MAINS>NMLS</MAINS>
        <CONNECTED_LIGHT_SOURCE>true</CONNECTED_LIGHT_SOURCE>
        <COLOUR_TUNEABLE_LIGHT_SOURCE>true</COLOUR_TUNEABLE_LIGHT_SOURCE>
        <HIGH_LUMINANCE_LIGHT_SOURCE>false</HIGH_LUMINANCE_LIGHT_SOURCE>
        <ANTI_GLARE_SHIELD>false</ANTI_GLARE_SHIELD>
        <DIMMABLE>NO</DIMMABLE>
        <ENERGY_CONS_ON_MODE>10</ENERGY_CONS_ON_MODE>
        <ENERGY_CLASS>G</ENERGY_CLASS>
        <LUMINOUS_FLUX>100</LUMINOUS_FLUX>
        <BEAM_ANGLE_CORRESPONDENCE>WIDE_CONE_120</BEAM_ANGLE_CORRESPONDENCE>
        <CORRELATED_COLOUR_TEMP_TYPE>RANGE</CORRELATED_COLOUR_TEMP_TYPE>
        <CORRELATED_COLOUR_TEMP>1300</CORRELATED_COLOUR_TEMP>
        <CORRELATED_COLOUR_TEMP>4600</CORRELATED_COLOUR_TEMP>
        <POWER_ON_MODE>10.0</POWER_ON_MODE>
        <POWER_STANDBY>0.20</POWER_STANDBY>
        <POWER_STANDBY_NETWORKED>0.23</POWER_STANDBY_NETWORKED>
        <COLOUR_RENDERING_INDEX>95</COLOUR_RENDERING_INDEX>
        <MIN_COLOUR_RENDERING_INDEX>1</MIN_COLOUR_RENDERING_INDEX>
        <MAX_COLOUR_RENDERING_INDEX>100</MAX_COLOUR_RENDERING_INDEX>
        <DIMENSION_HEIGHT>23</DIMENSION_HEIGHT>
        <DIMENSION_WIDTH>24</DIMENSION_WIDTH>
        <DIMENSION_DEPTH>456</DIMENSION_DEPTH>
        <SPECTRAL_POWER_DISTRIBUTION_IMAGE>/attachments/testImage.png</SPECTRAL_POWER_DISTRIBUTION_IMAGE>
        <CLAIM_EQUIVALENT_POWER>false</CLAIM_EQUIVALENT_POWER>
        <CHROMATICITY_COORD_X>0.225</CHROMATICITY_COORD_X>
        <CHROMATICITY_COORD_Y>0.465</CHROMATICITY_COORD_Y>
        <R9_COLOUR_RENDERING_INDEX>45</R9_COLOUR_RENDERING_INDEX>
        <SURVIVAL_FACTOR>0.26</SURVIVAL_FACTOR>
        <LUMEN_MAINTENANCE_FACTOR>0.40</LUMEN_MAINTENANCE_FACTOR>
      </PRODUCT_GROUP_DETAIL>
    </MODEL_VERSION>
  </productOperation>
  <productOperation OPERATION_TYPE="REGISTER_PRODUCT_MODEL" OPERATION_ID="2">
    <MODEL_VERSION>
      <MODEL_IDENTIFIER>46543</MODEL_IDENTIFIER>
      <SUPPLIER_NAME_OR_TRADEMARK>REF001</SUPPLIER_NAME_OR_TRADEMARK>
      <DELEGATED_ACT>EU_2019_2015</DELEGATED_ACT>
      <PRODUCT_GROUP>LAMP</PRODUCT_GROUP>
      <ENERGY_LABEL xmlns:xsi="http://www.w3.org/2001/XMLSchema-instance" xsi:type="ns5:GeneratedEnergyLabel" xmlns:ns5="http://eprel.ener.ec.europa.eu/commonTypes/EnergyLabelTypes/v2">
        <CONSIDER_GENERATED_LABEL_AS_PROVIDED>true</CONSIDER_GENERATED_LABEL_AS_PROVIDED>
      </ENERGY_LABEL>
      <ON_MARKET_START_DATE>2022-01-01+01:00</ON_MARKET_START_DATE>
      <CONTACT_DETAILS xmlns:xsi="http://www.w3.org/2001/XMLSchema-instance" xsi:type="ns2:ContactByReference">
        <CONTACT_REFERENCE>Ä</CONTACT_REFERENCE>
      </CONTACT_DETAILS>
      <PRODUCT_GROUP_DETAIL xmlns:xsi="http://www.w3.org/2001/XMLSchema-instance" xmlns:ns5="http://eprel.ener.ec.europa.eu/productModel/productGroups/lightsource/v1" xsi:type="ns5:LightSource">
        <LIGHTING_TECHNOLOGY>LED</LIGHTING_TECHNOLOGY>
        <CAP_TYPE>my</CAP_TYPE>
        <DIRECTIONAL>DLS</DIRECTIONAL>
        <MAINS>NMLS</MAINS>
        <CONNECTED_LIGHT_SOURCE>true</CONNECTED_LIGHT_SOURCE>
        <COLOUR_TUNEABLE_LIGHT_SOURCE>true</COLOUR_TUNEABLE_LIGHT_SOURCE>
        <HIGH_LUMINANCE_LIGHT_SOURCE>false</HIGH_LUMINANCE_LIGHT_SOURCE>
        <ANTI_GLARE_SHIELD>false</ANTI_GLARE_SHIELD>
        <DIMMABLE>NO</DIMMABLE>
        <ENERGY_CONS_ON_MODE>10</ENERGY_CONS_ON_MODE>
        <ENERGY_CLASS>G</ENERGY_CLASS>
        <LUMINOUS_FLUX>100</LUMINOUS_FLUX>
        <BEAM_ANGLE_CORRESPONDENCE>WIDE_CONE_120</BEAM_ANGLE_CORRESPONDENCE>
        <CORRELATED_COLOUR_TEMP_TYPE>STEPS</CORRELATED_COLOUR_TEMP_TYPE>
        <CORRELATED_COLOUR_TEMP>2700</CORRELATED_COLOUR_TEMP>
        <CORRELATED_COLOUR_TEMP>3500</CORRELATED_COLOUR_TEMP>
        <CORRELATED_COLOUR_TEMP>4700</CORRELATED_COLOUR_TEMP>
        <CORRELATED_COLOUR_TEMP>6500</CORRELATED_COLOUR_TEMP>
        <POWER_ON_MODE>10.0</POWER_ON_MODE>
        <POWER_STANDBY>0.20</POWER_STANDBY>
        <POWER_STANDBY_NETWORKED>0.23</POWER_STANDBY_NETWORKED>
        <COLOUR_RENDERING_INDEX>95</COLOUR_RENDERING_INDEX>
        <MIN_COLOUR_RENDERING_INDEX>1</MIN_COLOUR_RENDERING_INDEX>
        <MAX_COLOUR_RENDERING_INDEX>100</MAX_COLOUR_RENDERING_INDEX>
        <DIMENSION_HEIGHT>23</DIMENSION_HEIGHT>
        <DIMENSION_WIDTH>24</DIMENSION_WIDTH>
        <DIMENSION_DEPTH>456</DIMENSION_DEPTH>
        <SPECTRAL_POWER_DISTRIBUTION_IMAGE>/attachments/testImage.png</SPECTRAL_POWER_DISTRIBUTION_IMAGE>
        <CLAIM_EQUIVALENT_POWER>false</CLAIM_EQUIVALENT_POWER>
        <CHROMATICITY_COORD_X>0.225</CHROMATICITY_COORD_X>
        <CHROMATICITY_COORD_Y>0.465</CHROMATICITY_COORD_Y>
        <R9_COLOUR_RENDERING_INDEX>45</R9_COLOUR_RENDERING_INDEX>
        <SURVIVAL_FACTOR>0.26</SURVIVAL_FACTOR>
        <LUMEN_MAINTENANCE_FACTOR>0.40</LUMEN_MAINTENANCE_FACTOR>
      </PRODUCT_GROUP_DETAIL>
    </MODEL_VERSION>
  </productOperation>
  <productOperation OPERATION_TYPE="REGISTER_PRODUCT_MODEL" OPERATION_ID="3">
    <MODEL_VERSION>
      <MODEL_IDENTIFIER>46546446</MODEL_IDENTIFIER>
      <SUPPLIER_NAME_OR_TRADEMARK>REF001</SUPPLIER_NAME_OR_TRADEMARK>
      <DELEGATED_ACT>EU_2019_2015</DELEGATED_ACT>
      <PRODUCT_GROUP>LAMP</PRODUCT_GROUP>
      <ENERGY_LABEL xmlns:xsi="http://www.w3.org/2001/XMLSchema-instance" xsi:type="ns5:GeneratedEnergyLabel" xmlns:ns5="http://eprel.ener.ec.europa.eu/commonTypes/EnergyLabelTypes/v2">
        <CONSIDER_GENERATED_LABEL_AS_PROVIDED>true</CONSIDER_GENERATED_LABEL_AS_PROVIDED>
      </ENERGY_LABEL>
      <ON_MARKET_START_DATE>2022-01-01+01:00</ON_MARKET_START_DATE>
      <CONTACT_DETAILS xmlns:xsi="http://www.w3.org/2001/XMLSchema-instance" xsi:type="ns2:ContactByReference">
        <CONTACT_REFERENCE>Ä</CONTACT_REFERENCE>
      </CONTACT_DETAILS>
      <PRODUCT_GROUP_DETAIL xmlns:xsi="http://www.w3.org/2001/XMLSchema-instance" xmlns:ns5="http://eprel.ener.ec.europa.eu/productModel/productGroups/lightsource/v1" xsi:type="ns5:LightSource">
        <LIGHTING_TECHNOLOGY>LED</LIGHTING_TECHNOLOGY>
        <CAP_TYPE>my</CAP_TYPE>
        <DIRECTIONAL>DLS</DIRECTIONAL>
        <MAINS>NMLS</MAINS>
        <CONNECTED_LIGHT_SOURCE>true</CONNECTED_LIGHT_SOURCE>
        <COLOUR_TUNEABLE_LIGHT_SOURCE>true</COLOUR_TUNEABLE_LIGHT_SOURCE>
        <HIGH_LUMINANCE_LIGHT_SOURCE>false</HIGH_LUMINANCE_LIGHT_SOURCE>
        <ANTI_GLARE_SHIELD>false</ANTI_GLARE_SHIELD>
        <DIMMABLE>NO</DIMMABLE>
        <ENERGY_CONS_ON_MODE>10</ENERGY_CONS_ON_MODE>
        <ENERGY_CLASS>G</ENERGY_CLASS>
        <LUMINOUS_FLUX>100</LUMINOUS_FLUX>
        <BEAM_ANGLE_CORRESPONDENCE>WIDE_CONE_120</BEAM_ANGLE_CORRESPONDENCE>
        <CORRELATED_COLOUR_TEMP_TYPE>SINGLE_VALUE</CORRELATED_COLOUR_TEMP_TYPE>
        <CORRELATED_COLOUR_TEMP>1300</CORRELATED_COLOUR_TEMP>
        <POWER_ON_MODE>10.0</POWER_ON_MODE>
        <POWER_STANDBY>0.20</POWER_STANDBY>
        <POWER_STANDBY_NETWORKED>0.23</POWER_STANDBY_NETWORKED>
        <COLOUR_RENDERING_INDEX>95</COLOUR_RENDERING_INDEX>
        <MIN_COLOUR_RENDERING_INDEX>1</MIN_COLOUR_RENDERING_INDEX>
        <MAX_COLOUR_RENDERING_INDEX>100</MAX_COLOUR_RENDERING_INDEX>
        <DIMENSION_HEIGHT>23</DIMENSION_HEIGHT>
        <DIMENSION_WIDTH>24</DIMENSION_WIDTH>
        <DIMENSION_DEPTH>456</DIMENSION_DEPTH>
        <SPECTRAL_POWER_DISTRIBUTION_IMAGE>/attachments/testImage.png</SPECTRAL_POWER_DISTRIBUTION_IMAGE>
        <CLAIM_EQUIVALENT_POWER>false</CLAIM_EQUIVALENT_POWER>
        <CHROMATICITY_COORD_X>0.225</CHROMATICITY_COORD_X>
        <CHROMATICITY_COORD_Y>0.465</CHROMATICITY_COORD_Y>
        <R9_COLOUR_RENDERING_INDEX>45</R9_COLOUR_RENDERING_INDEX>
        <SURVIVAL_FACTOR>0.26</SURVIVAL_FACTOR>
        <LUMEN_MAINTENANCE_FACTOR>0.40</LUMEN_MAINTENANCE_FACTOR>
      </PRODUCT_GROUP_DETAIL>
    </MODEL_VERSION>
  </productOperation>
</ns3:ProductModelRegistrationRequest>