﻿<?xml version="1.0" encoding="utf-8" standalone="yes"?>
<ns3:ProductModelRegistrationRequest REQUEST_ID="Request" xmlns:ns3="http://eprel.ener.ec.europa.eu/services/productModelService/modelRegistrationService/v2" xmlns:ns2="http://eprel.ener.ec.europa.eu/productModel/productCore/v2">
  <productOperation OPERATION_TYPE="REGISTER_PRODUCT_MODEL" OPERATION_ID="0">
    <MODEL_VERSION>
      <MODEL_IDENTIFIER>byledtest</MODEL_IDENTIFIER>
      <TRADEMARK_REFERENCE>REF001</TRADEMARK_REFERENCE>
      <DELEGATED_ACT>EU_2019_2015</DELEGATED_ACT>
      <PRODUCT_GROUP>LAMP</PRODUCT_GROUP>
      <ENERGY_LABEL xmlns:xsi="http://www.w3.org/2001/XMLSchema-instance" xsi:type="ns5:GeneratedEnergyLabel" xmlns:ns5="http://eprel.ener.ec.europa.eu/commonTypes/EnergyLabelTypes/v2">
        <CONSIDER_GENERATED_LABEL_AS_PROVIDED>'true</CONSIDER_GENERATED_LABEL_AS_PROVIDED>
      </ENERGY_LABEL>
      <ON_MARKET_START_DATE>2021-09-01+02:00</ON_MARKET_START_DATE>
      <REGISTRANT_NATURE>AUTHORISED_REPRESENTATIVE</REGISTRANT_NATURE>
      <VISIBLE_TO_UK_MSA>'false</VISIBLE_TO_UK_MSA>
      <TECHNICAL_DOCUMENTATION xmlns:xsi="http://www.w3.org/2001/XMLSchema-instance" xsi:type="ns2:TechnicalDocumentationDetail">
        <DOCUMENT>
          <ns2:DESCRIPTION xmlns:ns2="http://eprel.ener.ec.europa.eu/productModel/productCore/v2">track</ns2:DESCRIPTION>
          <LANGUAGE>FR</LANGUAGE>
          <TECHNICAL_PART>ADDITIONAL_PART</TECHNICAL_PART>
          <TECHNICAL_PART>CALCULATIONS</TECHNICAL_PART>
          <TECHNICAL_PART>GENERAL_DESCRIPTION</TECHNICAL_PART>
          <TECHNICAL_PART>MESURED_TECHNICAL_PARAMETERS</TECHNICAL_PART>
          <TECHNICAL_PART>REFERENCES_TO_HARMONISED_STANDARDS</TECHNICAL_PART>
          <TECHNICAL_PART>TESTING_CONDITIONS</TECHNICAL_PART>
          <TECHNICAL_PART>SPECIFIC_PRECAUTIONS</TECHNICAL_PART>
          <FILE_PATH>/attachments/track.pdf</FILE_PATH>
        </DOCUMENT>
      </TECHNICAL_DOCUMENTATION>
      <CONTACT_DETAILS xmlns:xsi="http://www.w3.org/2001/XMLSchema-instance" xsi:type="ns2:ContactByReference">
        <CONTACT_REFERENCE>REF001</CONTACT_REFERENCE>
      </CONTACT_DETAILS>
      <PRODUCT_GROUP_DETAIL xmlns:xsi="http://www.w3.org/2001/XMLSchema-instance" xmlns:ns5="http://eprel.ener.ec.europa.eu/productModel/productGroups/lightsource/v1" xsi:type="ns5:LightSource">
        <LIGHTING_TECHNOLOGY>LED</LIGHTING_TECHNOLOGY>
        <CAP_TYPE>220V</CAP_TYPE>
        <DIRECTIONAL>'DLS</DIRECTIONAL>
        <MAINS>'MLS</MAINS>
        <CONNECTED_LIGHT_SOURCE>'false</CONNECTED_LIGHT_SOURCE>
        <COLOUR_TUNEABLE_LIGHT_SOURCE>'false</COLOUR_TUNEABLE_LIGHT_SOURCE>
        <HIGH_LUMINANCE_LIGHT_SOURCE>'false</HIGH_LUMINANCE_LIGHT_SOURCE>
        <ANTI_GLARE_SHIELD>'true</ANTI_GLARE_SHIELD>
        <DIMMABLE>'NO</DIMMABLE>
        <ENERGY_CONS_ON_MODE>10</ENERGY_CONS_ON_MODE>
        <ENERGY_CLASS>G</ENERGY_CLASS>
        <LUMINOUS_FLUX>700</LUMINOUS_FLUX>
        <BEAM_ANGLE_CORRESPONDENCE>'WIDE_CONE_120</BEAM_ANGLE_CORRESPONDENCE>
        <CORRELATED_COLOUR_TEMP_TYPE>SINGLE_VALUE</CORRELATED_COLOUR_TEMP_TYPE>
        <CORRELATED_COLOUR_TEMP>4000</CORRELATED_COLOUR_TEMP>
        <POWER_ON_MODE>10.0</POWER_ON_MODE>
        <POWER_STANDBY>0.00</POWER_STANDBY>
        <COLOUR_RENDERING_INDEX>83</COLOUR_RENDERING_INDEX>
        <MIN_COLOUR_RENDERING_INDEX>83</MIN_COLOUR_RENDERING_INDEX>
        <MAX_COLOUR_RENDERING_INDEX>83</MAX_COLOUR_RENDERING_INDEX>
        <DIMENSION_HEIGHT>120</DIMENSION_HEIGHT>
        <DIMENSION_WIDTH>60</DIMENSION_WIDTH>
        <DIMENSION_DEPTH>150</DIMENSION_DEPTH>
        <SPECTRAL_POWER_DISTRIBUTION_IMAGE>/attachments/dataconverter.JPG</SPECTRAL_POWER_DISTRIBUTION_IMAGE>
        <CLAIM_EQUIVALENT_POWER>false</CLAIM_EQUIVALENT_POWER>
        <CHROMATICITY_COORD_X>0.380</CHROMATICITY_COORD_X>
        <CHROMATICITY_COORD_Y>0.380</CHROMATICITY_COORD_Y>
        <R9_COLOUR_RENDERING_INDEX>14</R9_COLOUR_RENDERING_INDEX>
        <SURVIVAL_FACTOR>0.90</SURVIVAL_FACTOR>
        <LUMEN_MAINTENANCE_FACTOR>0.95</LUMEN_MAINTENANCE_FACTOR>
      </PRODUCT_GROUP_DETAIL>
    </MODEL_VERSION>
  </productOperation>
</ns3:ProductModelRegistrationRequest>